[
    {
      "id": 1,
      "title": "Android for Expert",
      "year": 1996,
      "author": "George R. R",
      "price": 258
    },
    {
      "id": 2,
      "title": "Complete Reference",
      "year": 1998,
      "author": "George P. R. Martin",
      "price": 359
    },
    {
      "id": 3,
      "title": "BackBone JS",
      "year": 2000,
      "author": "Kalvin R.V",
      "price": 640
    },
    {
      "id": 4,
      "title": "Knock Out JS",
      "year": 2005,
      "author": "J.J Markin",
      "price": 540
    },
    {
      "id": 5,
      "title": "Pointer in C",
      "year": 2011,
      "author": "Y P Kanitkar",
      "price": 280
    },
    {
      "id": 6,
      "title": "Big Data",
      "year": 2011,
      "author": "Pearson D A",
      "price": 120
    },
    {
      "id": 7,
      "title": "A Dream of Spring",
      "year": 2012,
      "author": "George R. R. Martin",
      "price": 1500
    },
    {
      "id": 8,
      "title": "The Philosopher's Stone",
      "year": 1997,
      "author": "J. K. Rowling",
      "price": 1200
    },
    {
      "id": 9,
      "title": "The Chamber of Secrets",
      "year": 1998,
      "author": "J. K. Rowling",
      "price": 100
    },
    {
      "id": 10,
      "title": "The Prisoner of Azkaban",
      "year": 1999,
      "author": "J. K. Rowling",
      "price": 500
    }
    
  ]
